-3.403792619705200195e+00,-3.288921117782592773e+00,-3.221266031265258789e+00,-3.523493528366088867e+00,-3.226977825164794922e+00,-5.245759487152099609e+00,-5.187566757202148438e+00,-5.150825023651123047e+00,-5.302451133728027344e+00,-5.171437263488769531e+00,-5.325651645660400391e+00,-5.290608882904052734e+00,-5.326758861541748047e+00,-5.299712657928466797e+00,-5.297451972961425781e+00,-3.161636114120483398e+00,-3.066492795944213867e+00,-3.149216175079345703e+00,-2.979136228561401367e+00,-3.194264411926269531e+00,-5.195286750793457031e+00,-5.237080574035644531e+00,-5.239146232604980469e+00,-5.195168495178222656e+00,-5.229053974151611328e+00
-4.100735187530517578e+00,-3.971145629882812500e+00,-3.789071798324584961e+00,-4.070061206817626953e+00,-3.996378660202026367e+00,-5.719071865081787109e+00,-5.743907451629638672e+00,-5.750113487243652344e+00,-5.754321098327636719e+00,-5.719798564910888672e+00,-5.748983860015869141e+00,-5.581612110137939453e+00,-5.363871574401855469e+00,-5.747345924377441406e+00,-5.632373809814453125e+00,-1.976681828498840332e+00,-2.129627466201782227e+00,-2.293508768081665039e+00,-1.903384447097778320e+00,-2.080450534820556641e+00,-5.842504501342773438e+00,-5.659387111663818359e+00,-5.383820056915283203e+00,-5.853769302368164062e+00,-5.692162990570068359e+00
-4.781707286834716797e+00,-4.710411071777343750e+00,-4.609726905822753906e+00,-4.747525691986083984e+00,-4.753757953643798828e+00,-5.839001655578613281e+00,-5.850362777709960938e+00,-5.907743453979492188e+00,-5.875194549560546875e+00,-5.865417480468750000e+00,-5.812137126922607422e+00,-5.772261142730712891e+00,-5.617017745971679688e+00,-5.771575450897216797e+00,-5.765730857849121094e+00,-1.912247300148010254e+00,-1.429061174392700195e+00,-2.790154516696929932e-01,-1.342850446701049805e+00,-1.382010579109191895e+00,-5.994831085205078125e+00,-5.998575687408447266e+00,-5.984965801239013672e+00,-6.010911464691162109e+00,-6.009589195251464844e+00
-1.832739830017089844e+00,-1.830015897750854492e+00,-1.892890214920043945e+00,-2.006983995437622070e+00,-1.885950565338134766e+00,-5.752429962158203125e+00,-5.416388511657714844e+00,-5.636436462402343750e+00,-5.761124134063720703e+00,-5.609482288360595703e+00,-5.765031337738037109e+00,-5.624111175537109375e+00,-5.697401523590087891e+00,-5.715249538421630859e+00,-5.722607135772705078e+00,-4.279932022094726562e+00,-4.209664821624755859e+00,-4.251587390899658203e+00,-4.240911483764648438e+00,-4.271988868713378906e+00,-5.775763988494873047e+00,-5.563119888305664062e+00,-5.695676326751708984e+00,-5.786537647247314453e+00,-5.698066711425781250e+00
-2.705805540084838867e+00,-1.510879874229431152e+00,-1.322934508323669434e+00,-2.692124605178833008e+00,-2.296857118606567383e+00,-6.031185150146484375e+00,-6.026000976562500000e+00,-6.032497406005859375e+00,-6.027927875518798828e+00,-6.033000469207763672e+00,-5.893512725830078125e+00,-5.807059288024902344e+00,-5.796864986419677734e+00,-5.882165908813476562e+00,-5.860584735870361328e+00,-2.707084417343139648e+00,-3.179228067398071289e+00,-3.226763486862182617e+00,-2.719418048858642578e+00,-2.888688802719116211e+00,-6.074630737304687500e+00,-6.003101825714111328e+00,-6.015274524688720703e+00,-6.067740917205810547e+00,-6.045469284057617188e+00
-3.681122541427612305e+00,-3.596167802810668945e+00,-3.670827150344848633e+00,-3.652680873870849609e+00,-3.639240741729736328e+00,-5.565686225891113281e+00,-5.785681724548339844e+00,-5.729891777038574219e+00,-5.830718994140625000e+00,-5.824058532714843750e+00,-5.833083629608154297e+00,-5.871122837066650391e+00,-5.875391006469726562e+00,-5.943585872650146484e+00,-5.945643424987792969e+00,-1.973911285400390625e+00,-1.975299715995788574e+00,-1.954522967338562012e+00,-2.069406747817993164e+00,-2.012231588363647461e+00,-5.880181312561035156e+00,-5.953772544860839844e+00,-5.914474487304687500e+00,-5.941000461578369141e+00,-5.980614662170410156e+00
-1.736246943473815918e+00,-1.220582962036132812e+00,-1.640376806259155273e+00,-1.699027895927429199e+00,-1.526290416717529297e+00,-5.783295154571533203e+00,-5.660457611083984375e+00,-5.751836299896240234e+00,-5.816960334777832031e+00,-5.767302036285400391e+00,-5.963279724121093750e+00,-5.918921947479248047e+00,-5.973389625549316406e+00,-6.032004833221435547e+00,-6.019733905792236328e+00,-4.531091213226318359e+00,-4.570356845855712891e+00,-4.576231479644775391e+00,-4.557630062103271484e+00,-4.590813159942626953e+00,-5.708897113800048828e+00,-5.485179901123046875e+00,-5.695491790771484375e+00,-5.792980670928955078e+00,-5.701894760131835938e+00
-2.101246356964111328e+00,-1.941692113876342773e+00,-1.911140918731689453e+00,-1.670591592788696289e+00,-2.152003526687622070e+00,-6.026379108428955078e+00,-5.995143890380859375e+00,-5.995720386505126953e+00,-6.035257816314697266e+00,-5.987197399139404297e+00,-5.931478023529052734e+00,-5.867064476013183594e+00,-5.858465194702148438e+00,-5.753287315368652344e+00,-5.932380676269531250e+00,-3.443452358245849609e+00,-3.395835638046264648e+00,-3.443477392196655273e+00,-3.410260915756225586e+00,-3.462455987930297852e+00,-6.123828887939453125e+00,-6.138484001159667969e+00,-6.127209663391113281e+00,-6.166257858276367188e+00,-6.114048480987548828e+00
-3.977269172668457031e+00,-3.967997789382934570e+00,-3.953859329223632812e+00,-3.927334308624267578e+00,-3.946066141128540039e+00,-4.851385593414306641e+00,-4.847273826599121094e+00,-4.820226669311523438e+00,-4.854326248168945312e+00,-4.871958255767822266e+00,-4.421515941619873047e+00,-4.464418411254882812e+00,-4.466192245483398438e+00,-4.448735713958740234e+00,-4.451220035552978516e+00,-3.921341419219970703e+00,-3.902661800384521484e+00,-3.914825439453125000e+00,-3.935686111450195312e+00,-3.905622482299804688e+00,-4.565642833709716797e+00,-4.567957878112792969e+00,-4.600575447082519531e+00,-4.584331035614013672e+00,-4.573306560516357422e+00
-2.361590385437011719e+00,-2.974411249160766602e+00,-2.956629276275634766e+00,-2.609431266784667969e+00,-2.914146184921264648e+00,-4.398193836212158203e+00,-4.096532344818115234e+00,-4.116959095001220703e+00,-4.238868236541748047e+00,-4.125942707061767578e+00,-5.862520694732666016e+00,-5.851047039031982422e+00,-5.840700626373291016e+00,-5.878931999206542969e+00,-5.856793880462646484e+00,-5.100980758666992188e+00,-4.920096397399902344e+00,-4.941957473754882812e+00,-5.047781467437744141e+00,-4.948977947235107422e+00,-4.581233501434326172e+00,-4.567908763885498047e+00,-4.554417610168457031e+00,-4.569716453552246094e+00,-4.553403854370117188e+00
-3.114602804183959961e+00,-3.361433029174804688e+00,-3.431478261947631836e+00,-3.240962982177734375e+00,-3.311008214950561523e+00,-4.515676975250244141e+00,-4.463335514068603516e+00,-4.467363834381103516e+00,-4.447174072265625000e+00,-4.480549812316894531e+00,-6.748794078826904297e+00,-6.745197772979736328e+00,-6.792095661163330078e+00,-6.719932556152343750e+00,-6.754573822021484375e+00,-3.544245481491088867e+00,-3.372463464736938477e+00,-3.259631395339965820e+00,-3.429760932922363281e+00,-3.380625009536743164e+00,-4.494006633758544922e+00,-4.271487712860107422e+00,-4.188351154327392578e+00,-4.509640216827392578e+00,-4.284097194671630859e+00
-4.004773616790771484e+00,-4.185225963592529297e+00,-4.453886032104492188e+00,-4.245111942291259766e+00,-4.250088214874267578e+00,-5.044157981872558594e+00,-5.100036144256591797e+00,-5.183550357818603516e+00,-5.115026950836181641e+00,-5.129462718963623047e+00,-6.599519729614257812e+00,-6.603665351867675781e+00,-6.621846199035644531e+00,-6.612722396850585938e+00,-6.591391563415527344e+00,-2.451731204986572266e+00,-2.125500679016113281e+00,-1.469169855117797852e+00,-1.995057702064514160e+00,-1.996485471725463867e+00,-5.215119838714599609e+00,-5.085703372955322266e+00,-4.971028327941894531e+00,-5.065589904785156250e+00,-5.083213329315185547e+00
-1.492095351219177246e+00,-1.618865251541137695e+00,-1.616216659545898438e+00,-1.564863562583923340e+00,-1.742650628089904785e+00,-5.236439704895019531e+00,-5.437054157257080078e+00,-5.297463893890380859e+00,-5.276897430419921875e+00,-5.257082939147949219e+00,-6.253880500793457031e+00,-6.186312198638916016e+00,-6.186220645904541016e+00,-6.238241195678710938e+00,-6.214997768402099609e+00,-5.651213645935058594e+00,-5.124728679656982422e+00,-5.454341411590576172e+00,-5.490484714508056641e+00,-5.417598247528076172e+00,-5.395661830902099609e+00,-5.050896644592285156e+00,-5.320889949798583984e+00,-5.355034828186035156e+00,-5.294359683990478516e+00
-1.873109817504882812e+00,-2.131240367889404297e+00,-2.031467914581298828e+00,-2.041010379791259766e+00,-2.019455432891845703e+00,-5.358896255493164062e+00,-4.948859214782714844e+00,-5.200005531311035156e+00,-5.284595012664794922e+00,-5.229248523712158203e+00,-6.357491970062255859e+00,-6.446127414703369141e+00,-6.469696998596191406e+00,-6.383283138275146484e+00,-6.436036109924316406e+00,-4.668577671051025391e+00,-4.080032348632812500e+00,-4.266681671142578125e+00,-4.491996765136718750e+00,-4.361102581024169922e+00,-5.098312377929687500e+00,-5.192060470581054688e+00,-5.154292583465576172e+00,-5.138535022735595703e+00,-5.161702632904052734e+00
-2.880530595779418945e+00,-2.904245138168334961e+00,-2.836553573608398438e+00,-2.798228502273559570e+00,-2.815993547439575195e+00,-5.413238048553466797e+00,-5.346457004547119141e+00,-5.431267738342285156e+00,-5.384153842926025391e+00,-5.387920856475830078e+00,-6.731482982635498047e+00,-6.767001152038574219e+00,-6.752744674682617188e+00,-6.804211139678955078e+00,-6.798375606536865234e+00,-2.529514551162719727e+00,-2.532822132110595703e+00,-2.660882234573364258e+00,-2.795693397521972656e+00,-2.771702766418457031e+00,-5.322492599487304688e+00,-5.261178493499755859e+00,-5.285758972167968750e+00,-5.279407978057861328e+00,-5.285832881927490234e+00
-1.506494879722595215e+00,-8.486033678054809570e-01,-1.481676578521728516e+00,-1.689920902252197266e+00,-1.423614144325256348e+00,-5.312057018280029297e+00,-5.183885097503662109e+00,-5.334810733795166016e+00,-5.296797752380371094e+00,-5.349353313446044922e+00,-5.886835575103759766e+00,-5.887368679046630859e+00,-5.882983207702636719e+00,-5.856857299804687500e+00,-5.897364139556884766e+00,-5.738844394683837891e+00,-5.545527935028076172e+00,-5.756919860839843750e+00,-5.721363067626953125e+00,-5.734523773193359375e+00,-5.493685245513916016e+00,-5.438647747039794922e+00,-5.488289356231689453e+00,-5.498364448547363281e+00,-5.509397506713867188e+00
-1.573040843009948730e+00,-1.773339152336120605e+00,-1.461308121681213379e+00,-1.787402987480163574e+00,-1.543321132659912109e+00,-5.138096809387207031e+00,-5.026823520660400391e+00,-5.122084140777587891e+00,-5.011241436004638672e+00,-5.092901229858398438e+00,-6.398869991302490234e+00,-6.443589210510253906e+00,-6.378273963928222656e+00,-6.487834453582763672e+00,-6.378955841064453125e+00,-5.491777896881103516e+00,-5.263038158416748047e+00,-5.534589290618896484e+00,-5.194398880004882812e+00,-5.535275936126708984e+00,-5.328050136566162109e+00,-5.327250957489013672e+00,-5.358786582946777344e+00,-5.329901695251464844e+00,-5.331641674041748047e+00
-3.328802347183227539e+00,-3.446739435195922852e+00,-3.395911216735839844e+00,-3.424531698226928711e+00,-3.407308340072631836e+00,-4.473344802856445312e+00,-4.477900028228759766e+00,-4.496268749237060547e+00,-4.503677845001220703e+00,-4.479469299316406250e+00,-5.231419563293457031e+00,-5.240681171417236328e+00,-5.250970840454101562e+00,-5.252647399902343750e+00,-5.248752593994140625e+00,-4.414221763610839844e+00,-4.386757850646972656e+00,-4.387979507446289062e+00,-4.400522708892822266e+00,-4.426438331604003906e+00,-4.404481410980224609e+00,-4.355795383453369141e+00,-4.368165016174316406e+00,-4.331901550292968750e+00,-4.351550579071044922e+00
-2.807975053787231445e+00,-3.162823438644409180e+00,-3.162335872650146484e+00,-3.010413885116577148e+00,-3.122213840484619141e+00,-5.008060455322265625e+00,-4.856925964355468750e+00,-4.872594356536865234e+00,-4.934025764465332031e+00,-4.894563198089599609e+00,-4.772352218627929688e+00,-5.031126499176025391e+00,-5.003387451171875000e+00,-4.904563426971435547e+00,-4.969579696655273438e+00,-4.968611717224121094e+00,-4.684472084045410156e+00,-4.690814971923828125e+00,-4.796657085418701172e+00,-4.709522724151611328e+00,-4.589653491973876953e+00,-4.492922306060791016e+00,-4.495122909545898438e+00,-4.532972335815429688e+00,-4.507437229156494141e+00
-3.166892290115356445e+00,-3.551424264907836914e+00,-3.627559185028076172e+00,-3.494346618652343750e+00,-3.538650989532470703e+00,-4.573188781738281250e+00,-4.435634613037109375e+00,-4.415384769439697266e+00,-4.402890205383300781e+00,-4.393991947174072266e+00,-5.167757987976074219e+00,-5.067894935607910156e+00,-5.010517120361328125e+00,-5.108537673950195312e+00,-5.076179504394531250e+00,-4.376286983489990234e+00,-4.406349658966064453e+00,-4.421754360198974609e+00,-4.426767349243164062e+00,-4.431031227111816406e+00,-4.871716022491455078e+00,-4.645853519439697266e+00,-4.636194705963134766e+00,-4.657681465148925781e+00,-4.656718254089355469e+00
-3.250761508941650391e+00,-3.286836147308349609e+00,-3.191861629486083984e+00,-3.272339820861816406e+00,-3.235584497451782227e+00,-4.258778572082519531e+00,-4.073380470275878906e+00,-4.087527751922607422e+00,-4.113990783691406250e+00,-4.103869915008544922e+00,-6.306431293487548828e+00,-6.318471431732177734e+00,-6.298314094543457031e+00,-6.319689750671386719e+00,-6.307543754577636719e+00,-4.107546329498291016e+00,-4.091020584106445312e+00,-4.155663490295410156e+00,-4.092516899108886719e+00,-4.104567527770996094e+00,-4.383794307708740234e+00,-4.353918075561523438e+00,-4.351614475250244141e+00,-4.334165096282958984e+00,-4.377383232116699219e+00
-1.979652166366577148e+00,-2.804132223129272461e+00,-2.339956521987915039e+00,-2.349340200424194336e+00,-2.491013050079345703e+00,-5.440178871154785156e+00,-5.135525703430175781e+00,-5.294324398040771484e+00,-5.303979396820068359e+00,-5.285144329071044922e+00,-4.998970031738281250e+00,-4.653347969055175781e+00,-4.947059631347656250e+00,-4.939163684844970703e+00,-4.925073623657226562e+00,-5.263021945953369141e+00,-5.364871978759765625e+00,-5.286158084869384766e+00,-5.283881187438964844e+00,-5.272332668304443359e+00,-5.380920886993408203e+00,-4.783464431762695312e+00,-5.163540363311767578e+00,-5.163579940795898438e+00,-5.103152751922607422e+00
-1.987000942230224609e+00,-2.688130855560302734e+00,-2.240874290466308594e+00,-2.259994506835937500e+00,-2.263303518295288086e+00,-5.217320442199707031e+00,-4.935723304748535156e+00,-5.093704223632812500e+00,-5.118487358093261719e+00,-5.106952190399169922e+00,-5.366789340972900391e+00,-5.322417736053466797e+00,-5.364365100860595703e+00,-5.330991744995117188e+00,-5.357477664947509766e+00,-5.393763542175292969e+00,-5.080006599426269531e+00,-5.317220211029052734e+00,-5.283453941345214844e+00,-5.304529666900634766e+00,-5.148898601531982422e+00,-4.964684963226318359e+00,-5.068333625793457031e+00,-5.066264152526855469e+00,-5.061999320983886719e+00
-2.508370876312255859e+00,-2.362918138504028320e+00,-2.509600877761840820e+00,-2.381497383117675781e+00,-2.418518781661987305e+00,-4.598025321960449219e+00,-4.380060672760009766e+00,-4.680616378784179688e+00,-4.585036277770996094e+00,-4.606815814971923828e+00,-6.141333580017089844e+00,-6.142411231994628906e+00,-6.150057792663574219e+00,-6.177863121032714844e+00,-6.166573524475097656e+00,-4.972076416015625000e+00,-5.015327930450439453e+00,-4.978735923767089844e+00,-4.945557594299316406e+00,-4.939038276672363281e+00,-4.580065727233886719e+00,-4.695232868194580078e+00,-4.569942474365234375e+00,-4.704909801483154297e+00,-4.684243679046630859e+00
-1.982050061225891113e+00,-2.241745710372924805e+00,-1.998100638389587402e+00,-2.090186119079589844e+00,-1.971764802932739258e+00,-5.256486892700195312e+00,-4.996259689331054688e+00,-5.235502243041992188e+00,-5.268301963806152344e+00,-5.249311447143554688e+00,-5.005021095275878906e+00,-4.850440502166748047e+00,-5.023181438446044922e+00,-4.968533992767333984e+00,-5.006358146667480469e+00,-5.479186534881591797e+00,-5.300980091094970703e+00,-5.438266277313232422e+00,-5.440350055694580078e+00,-5.482577800750732422e+00,-5.467232704162597656e+00,-5.410540580749511719e+00,-5.486969947814941406e+00,-5.433590412139892578e+00,-5.468147754669189453e+00
-1.934373021125793457e+00,-2.778822422027587891e+00,-1.887989163398742676e+00,-3.321528196334838867e+00,-2.128686189651489258e+00,-5.204249382019042969e+00,-5.023735523223876953e+00,-5.184285163879394531e+00,-4.896103858947753906e+00,-5.161988735198974609e+00,-5.249536991119384766e+00,-5.147661209106445312e+00,-5.283982276916503906e+00,-5.091087818145751953e+00,-5.233351707458496094e+00,-5.454487323760986328e+00,-5.334716796875000000e+00,-5.456657409667968750e+00,-5.267961502075195312e+00,-5.438097000122070312e+00,-5.304048538208007812e+00,-5.094165802001953125e+00,-5.331803321838378906e+00,-4.893362522125244141e+00,-5.276050090789794922e+00
-3.829613447189331055e+00,-3.804005384445190430e+00,-3.808245182037353516e+00,-3.869649171829223633e+00,-3.809491157531738281e+00,-4.642260551452636719e+00,-4.668643474578857422e+00,-4.677004337310791016e+00,-4.628331661224365234e+00,-4.656325817108154297e+00,-4.375886440277099609e+00,-4.392683029174804688e+00,-4.387333393096923828e+00,-4.359022140502929688e+00,-4.373615264892578125e+00,-4.530923366546630859e+00,-4.538706302642822266e+00,-4.543628215789794922e+00,-4.523039340972900391e+00,-4.523170948028564453e+00,-4.506012916564941406e+00,-4.493572711944580078e+00,-4.504173755645751953e+00,-4.495778560638427734e+00,-4.543950080871582031e+00
-4.671379566192626953e+00,-4.628028869628906250e+00,-4.600020408630371094e+00,-4.746508598327636719e+00,-4.629756927490234375e+00,-5.851575851440429688e+00,-5.837714195251464844e+00,-5.812352657318115234e+00,-5.883871555328369141e+00,-5.818968296051025391e+00,-4.412359237670898438e+00,-4.379107952117919922e+00,-4.422639846801757812e+00,-4.440591335296630859e+00,-4.400392055511474609e+00,-2.735086202621459961e+00,-2.738457679748535156e+00,-2.780625343322753906e+00,-2.564557790756225586e+00,-2.794671535491943359e+00,-4.675039768218994141e+00,-4.732721805572509766e+00,-4.714425086975097656e+00,-4.717953681945800781e+00,-4.669321537017822266e+00
-5.375629901885986328e+00,-5.319862365722656250e+00,-5.130847454071044922e+00,-5.453316211700439453e+00,-5.317393302917480469e+00,-6.083035469055175781e+00,-6.070601940155029297e+00,-5.985194683074951172e+00,-6.113690853118896484e+00,-6.077378273010253906e+00,-5.323202133178710938e+00,-5.316842555999755859e+00,-5.270097732543945312e+00,-5.331285476684570312e+00,-5.279669284820556641e+00,-1.697947263717651367e+00,-1.959302425384521484e+00,-2.695731163024902344e+00,-1.338926672935485840e+00,-2.029454231262207031e+00,-5.255811214447021484e+00,-5.136438369750976562e+00,-4.667919158935546875e+00,-5.388429164886474609e+00,-5.104511260986328125e+00
-5.594587802886962891e+00,-5.582656860351562500e+00,-5.289976119995117188e+00,-5.534967899322509766e+00,-5.540370464324951172e+00,-6.025183677673339844e+00,-5.989240646362304688e+00,-5.970424652099609375e+00,-6.042677402496337891e+00,-5.975054740905761719e+00,-5.485351085662841797e+00,-5.483899116516113281e+00,-5.507387638092041016e+00,-5.505763053894042969e+00,-5.504174709320068359e+00,-1.521603226661682129e+00,-1.597554683685302734e+00,-1.243205070495605469e+00,-1.435292959213256836e+00,-1.587717413902282715e+00,-5.404246330261230469e+00,-5.381524562835693359e+00,-5.446440696716308594e+00,-5.403994560241699219e+00,-5.417331218719482422e+00
-3.523177385330200195e+00,-2.981838703155517578e+00,-3.278968095779418945e+00,-3.541038990020751953e+00,-3.309651374816894531e+00,-6.636153221130371094e+00,-6.562065124511718750e+00,-6.601284503936767578e+00,-6.657879829406738281e+00,-6.600805759429931641e+00,-4.741005420684814453e+00,-4.726730823516845703e+00,-4.723517894744873047e+00,-4.715362071990966797e+00,-4.656223773956298828e+00,-2.995074987411499023e+00,-3.425392389297485352e+00,-3.204512596130371094e+00,-2.985347032546997070e+00,-3.260708332061767578e+00,-4.525751590728759766e+00,-4.475711822509765625e+00,-4.511617660522460938e+00,-4.593740463256835938e+00,-4.507857799530029297e+00
-4.317398548126220703e+00,-4.343545913696289062e+00,-4.218881130218505859e+00,-4.456617355346679688e+00,-4.267919063568115234e+00,-6.756133556365966797e+00,-6.729967117309570312e+00,-6.727894306182861328e+00,-6.703987598419189453e+00,-6.767000198364257812e+00,-5.237148761749267578e+00,-5.219337463378906250e+00,-5.147904872894287109e+00,-5.269359111785888672e+00,-5.247530937194824219e+00,-2.074382543563842773e+00,-1.830372095108032227e+00,-1.642207384109497070e+00,-2.039327859878540039e+00,-1.957494020462036133e+00,-5.154014587402343750e+00,-5.068145751953125000e+00,-5.066820621490478516e+00,-5.136502742767333984e+00,-5.099078655242919922e+00
-5.070287704467773438e+00,-5.290096759796142578e+00,-5.141723155975341797e+00,-5.228013038635253906e+00,-5.170177936553955078e+00,-6.394629955291748047e+00,-6.405831336975097656e+00,-6.413809299468994141e+00,-6.386723995208740234e+00,-6.395162105560302734e+00,-5.336050510406494141e+00,-5.474139690399169922e+00,-5.374107360839843750e+00,-5.466857910156250000e+00,-5.473277568817138672e+00,-1.788057804107666016e+00,-1.496853232383728027e+00,-1.706111311912536621e+00,-1.577238559722900391e+00,-1.689430236816406250e+00,-5.039533138275146484e+00,-5.079775333404541016e+00,-5.013328075408935547e+00,-5.135648250579833984e+00,-5.150250434875488281e+00
-2.096533060073852539e+00,-2.000897884368896484e+00,-2.133922815322875977e+00,-2.092904090881347656e+00,-2.141453027725219727e+00,-6.623074054718017578e+00,-6.548727989196777344e+00,-6.582079887390136719e+00,-6.672460079193115234e+00,-6.577472686767578125e+00,-4.958654880523681641e+00,-4.750439167022705078e+00,-4.919546604156494141e+00,-5.187242507934570312e+00,-4.922022819519042969e+00,-4.114817142486572266e+00,-4.387384891510009766e+00,-4.169534683227539062e+00,-3.901227951049804688e+00,-4.148739814758300781e+00,-5.355835437774658203e+00,-5.338638305664062500e+00,-5.357551097869873047e+00,-5.355069160461425781e+00,-5.380845069885253906e+00
-3.043524265289306641e+00,-2.858945131301879883e+00,-2.772729873657226562e+00,-2.792557716369628906e+00,-2.997803688049316406e+00,-6.643938064575195312e+00,-6.647622108459472656e+00,-6.621688365936279297e+00,-6.635372638702392578e+00,-6.669802188873291016e+00,-5.316987037658691406e+00,-5.365113258361816406e+00,-5.338104724884033203e+00,-5.314616680145263672e+00,-5.330906391143798828e+00,-2.844179868698120117e+00,-2.791318178176879883e+00,-2.804078102111816406e+00,-2.802451133728027344e+00,-2.835077285766601562e+00,-5.124544143676757812e+00,-5.172025680541992188e+00,-5.154727458953857422e+00,-5.191366672515869141e+00,-5.113173484802246094e+00
-4.330758094787597656e+00,-4.332884311676025391e+00,-4.302318096160888672e+00,-4.328610897064208984e+00,-4.320750236511230469e+00,-5.211121559143066406e+00,-5.190625190734863281e+00,-5.197153568267822266e+00,-5.219660758972167969e+00,-5.214710712432861328e+00,-4.450180530548095703e+00,-4.453125476837158203e+00,-4.453808784484863281e+00,-4.428670883178710938e+00,-4.451777458190917969e+00,-3.472033262252807617e+00,-3.487950563430786133e+00,-3.545711994171142578e+00,-3.490450859069824219e+00,-3.474806785583496094e+00,-4.404033184051513672e+00,-4.410307407379150391e+00,-4.388000488281250000e+00,-4.406940937042236328e+00,-4.406008720397949219e+00
-3.808945178985595703e+00,-3.826656341552734375e+00,-3.908904314041137695e+00,-3.831217288970947266e+00,-3.873322725296020508e+00,-5.214931964874267578e+00,-5.180965900421142578e+00,-5.219491481781005859e+00,-5.214592933654785156e+00,-5.177181243896484375e+00,-5.381631374359130859e+00,-5.211423873901367188e+00,-5.180059909820556641e+00,-5.379034042358398438e+00,-5.163296222686767578e+00,-3.800889968872070312e+00,-3.852666854858398438e+00,-3.816357851028442383e+00,-3.757647514343261719e+00,-3.856208086013793945e+00,-3.747148752212524414e+00,-3.833148956298828125e+00,-3.790395021438598633e+00,-3.773059129714965820e+00,-3.844443559646606445e+00
-4.692947864532470703e+00,-4.639901161193847656e+00,-4.541035652160644531e+00,-4.689386367797851562e+00,-4.656107902526855469e+00,-5.168598651885986328e+00,-5.069787025451660156e+00,-4.987455368041992188e+00,-5.128684043884277344e+00,-5.109641551971435547e+00,-6.453744888305664062e+00,-6.444120407104492188e+00,-6.452580928802490234e+00,-6.487944602966308594e+00,-6.434720516204833984e+00,-2.585336208343505859e+00,-2.693964004516601562e+00,-2.818449735641479492e+00,-2.403501749038696289e+00,-2.711108446121215820e+00,-3.826785326004028320e+00,-3.801151275634765625e+00,-3.703643798828125000e+00,-3.977291822433471680e+00,-3.746168613433837891e+00
-5.805031299591064453e+00,-5.786121845245361328e+00,-5.757480621337890625e+00,-5.798166275024414062e+00,-5.798593044281005859e+00,-5.083838462829589844e+00,-5.084785938262939453e+00,-5.070756435394287109e+00,-5.083229064941406250e+00,-5.053684711456298828e+00,-6.520520210266113281e+00,-6.536507606506347656e+00,-6.320254325866699219e+00,-6.543345928192138672e+00,-6.544837474822998047e+00,-1.906224250793457031e+00,-1.783840179443359375e+00,-2.112420797348022461e+00,-1.768053889274597168e+00,-1.832409024238586426e+00,-4.297779560089111328e+00,-4.259918212890625000e+00,-4.161274909973144531e+00,-4.263801097869873047e+00,-4.269415855407714844e+00
-2.770921230316162109e+00,-2.409375190734863281e+00,-2.628871917724609375e+00,-2.840606451034545898e+00,-2.523578166961669922e+00,-6.305672645568847656e+00,-6.257208347320556641e+00,-6.284663200378417969e+00,-6.300115585327148438e+00,-6.278030395507812500e+00,-5.084115505218505859e+00,-5.203824043273925781e+00,-5.138201713562011719e+00,-5.073608875274658203e+00,-5.151599884033203125e+00,-4.726644992828369141e+00,-4.566460609436035156e+00,-4.667761802673339844e+00,-4.723630905151367188e+00,-4.695540904998779297e+00,-3.756790637969970703e+00,-3.756590366363525391e+00,-3.751679658889770508e+00,-3.716105937957763672e+00,-3.789012908935546875e+00
-3.090689897537231445e+00,-2.878520488739013672e+00,-2.921769142150878906e+00,-3.154394626617431641e+00,-2.975180387496948242e+00,-6.488758087158203125e+00,-6.432852268218994141e+00,-6.441945552825927734e+00,-6.477544784545898438e+00,-6.462394714355468750e+00,-6.234295845031738281e+00,-6.214853763580322266e+00,-6.203595638275146484e+00,-6.225209236145019531e+00,-6.226586818695068359e+00,-3.281422615051269531e+00,-3.118778467178344727e+00,-3.164879560470581055e+00,-3.242633581161499023e+00,-3.205317735671997070e+00,-3.787197113037109375e+00,-3.852018833160400391e+00,-3.802237749099731445e+00,-3.774205446243286133e+00,-3.830376625061035156e+00
-4.554260253906250000e+00,-4.784387111663818359e+00,-4.624066352844238281e+00,-4.761085987091064453e+00,-4.766211986541748047e+00,-6.136431694030761719e+00,-6.093684673309326172e+00,-6.134190082550048828e+00,-6.131475448608398438e+00,-6.112130641937255859e+00,-6.526710987091064453e+00,-6.479875564575195312e+00,-6.516924381256103516e+00,-6.532245635986328125e+00,-6.498828887939453125e+00,-2.096767425537109375e+00,-1.911022782325744629e+00,-2.040793418884277344e+00,-1.869838356971740723e+00,-1.963625550270080566e+00,-4.067830085754394531e+00,-4.177688121795654297e+00,-4.092847347259521484e+00,-4.150024890899658203e+00,-4.158312797546386719e+00
-1.812829017639160156e+00,-1.502747654914855957e+00,-1.896545648574829102e+00,-2.176456689834594727e+00,-1.819682955741882324e+00,-6.256282329559326172e+00,-6.300356864929199219e+00,-6.259581089019775391e+00,-6.242754459381103516e+00,-6.199428081512451172e+00,-5.405221939086914062e+00,-5.394115447998046875e+00,-5.403129100799560547e+00,-5.410670280456542969e+00,-5.377915382385253906e+00,-5.669615745544433594e+00,-5.581920623779296875e+00,-5.657265186309814453e+00,-5.582026958465576172e+00,-5.685795307159423828e+00,-4.214549541473388672e+00,-4.217755317687988281e+00,-4.217550754547119141e+00,-4.200281143188476562e+00,-4.276171207427978516e+00
-2.086290597915649414e+00,-2.055365800857543945e+00,-1.883785247802734375e+00,-1.983811855316162109e+00,-2.116335630416870117e+00,-6.321607589721679688e+00,-6.258429050445556641e+00,-6.365173339843750000e+00,-6.256886005401611328e+00,-6.371867179870605469e+00,-5.811920166015625000e+00,-5.838857650756835938e+00,-5.826071262359619141e+00,-5.860968589782714844e+00,-5.802609920501708984e+00,-4.904759407043457031e+00,-4.798839569091796875e+00,-4.948432922363281250e+00,-4.791343212127685547e+00,-4.905609607696533203e+00,-4.337316036224365234e+00,-4.364077091217041016e+00,-4.328400611877441406e+00,-4.311919689178466797e+00,-4.264165401458740234e+00
-4.050114154815673828e+00,-4.110383033752441406e+00,-4.165826797485351562e+00,-4.083246231079101562e+00,-4.083570003509521484e+00,-4.913276195526123047e+00,-4.892412662506103516e+00,-4.864332199096679688e+00,-4.908209800720214844e+00,-4.923820495605468750e+00,-4.747561931610107422e+00,-4.764687538146972656e+00,-4.705373764038085938e+00,-4.731987476348876953e+00,-4.751467704772949219e+00,-4.106501102447509766e+00,-4.102043628692626953e+00,-4.104523181915283203e+00,-4.108413696289062500e+00,-4.055735111236572266e+00,-4.068809986114501953e+00,-4.033262729644775391e+00,-4.063304424285888672e+00,-4.068099021911621094e+00,-4.069174766540527344e+00
-6.383897781372070312e+00,-6.329330921173095703e+00,-6.320992946624755859e+00,-6.369287014007568359e+00,-6.320136547088623047e+00,-5.232038497924804688e+00,-5.061827659606933594e+00,-5.027611732482910156e+00,-5.081161499023437500e+00,-5.058506488800048828e+00,-3.368262529373168945e+00,-3.449015140533447266e+00,-3.475906133651733398e+00,-3.469145059585571289e+00,-3.501248121261596680e+00,-3.559843301773071289e+00,-3.652103185653686523e+00,-3.656008481979370117e+00,-3.617556571960449219e+00,-3.627742528915405273e+00,-3.722207784652709961e+00,-3.801784992218017578e+00,-3.829105854034423828e+00,-3.750207901000976562e+00,-3.804965972900390625e+00
-6.660560131072998047e+00,-6.668557643890380859e+00,-6.693604469299316406e+00,-6.640323638916015625e+00,-6.686309337615966797e+00,-4.653610706329345703e+00,-4.567597866058349609e+00,-4.513248443603515625e+00,-4.544873714447021484e+00,-4.569632530212402344e+00,-4.027543544769287109e+00,-4.027178764343261719e+00,-4.004717826843261719e+00,-4.102503299713134766e+00,-4.000941753387451172e+00,-3.475450277328491211e+00,-3.476820707321166992e+00,-3.488324880599975586e+00,-3.580219745635986328e+00,-3.486200571060180664e+00,-3.527193307876586914e+00,-3.509659051895141602e+00,-3.509996175765991211e+00,-3.427704334259033203e+00,-3.514625310897827148e+00
-6.855646133422851562e+00,-6.882917404174804688e+00,-6.889752864837646484e+00,-6.870754241943359375e+00,-6.876976013183593750e+00,-3.745259284973144531e+00,-3.613505840301513672e+00,-3.460770368576049805e+00,-3.641479969024658203e+00,-3.617407083511352539e+00,-5.701708793640136719e+00,-5.638017177581787109e+00,-5.702540397644042969e+00,-5.669545173645019531e+00,-5.584110736846923828e+00,-3.284519433975219727e+00,-3.281971931457519531e+00,-3.280051708221435547e+00,-3.273369312286376953e+00,-3.317492008209228516e+00,-3.138986349105834961e+00,-3.192711830139160156e+00,-3.195979833602905273e+00,-3.172528743743896484e+00,-3.226500749588012695e+00
-6.214185237884521484e+00,-6.286597728729248047e+00,-6.247876644134521484e+00,-6.247047424316406250e+00,-6.235066413879394531e+00,-6.430583477020263672e+00,-6.236387729644775391e+00,-6.349975109100341797e+00,-6.364152908325195312e+00,-6.364513874053955078e+00,-2.620935201644897461e+00,-2.610500574111938477e+00,-2.591174840927124023e+00,-2.559365987777709961e+00,-2.651435852050781250e+00,-3.858044624328613281e+00,-3.459992885589599609e+00,-3.647545814514160156e+00,-3.772274255752563477e+00,-3.636461496353149414e+00,-3.899099349975585938e+00,-3.985142707824707031e+00,-3.974770307540893555e+00,-3.921608448028564453e+00,-3.947789430618286133e+00
-6.649002552032470703e+00,-6.663244724273681641e+00,-6.654157638549804688e+00,-6.657922267913818359e+00,-6.660135746002197266e+00,-5.816493511199951172e+00,-5.555345058441162109e+00,-5.650401115417480469e+00,-5.742779254913330078e+00,-5.756902694702148438e+00,-3.259631156921386719e+00,-3.420858383178710938e+00,-3.396959543228149414e+00,-3.268660783767700195e+00,-3.245294332504272461e+00,-3.608639955520629883e+00,-3.421038627624511719e+00,-3.474315166473388672e+00,-3.537107467651367188e+00,-3.501770019531250000e+00,-3.376251220703125000e+00,-3.403463363647460938e+00,-3.387969493865966797e+00,-3.381217718124389648e+00,-3.409674644470214844e+00
-6.712675571441650391e+00,-6.736333370208740234e+00,-6.742083549499511719e+00,-6.744692802429199219e+00,-6.735093116760253906e+00,-4.999144554138183594e+00,-4.881390094757080078e+00,-4.995979785919189453e+00,-4.995378494262695312e+00,-5.008948326110839844e+00,-4.780765056610107422e+00,-4.753725051879882812e+00,-4.728419780731201172e+00,-4.740000247955322266e+00,-4.703258037567138672e+00,-3.137583017349243164e+00,-3.117605924606323242e+00,-3.252793312072753906e+00,-3.216517925262451172e+00,-3.229845046997070312e+00,-2.973293781280517578e+00,-3.076537370681762695e+00,-2.950886011123657227e+00,-2.954978942871093750e+00,-3.010251045227050781e+00
-6.074330806732177734e+00,-6.129635334014892578e+00,-6.102252483367919922e+00,-6.108659267425537109e+00,-6.072590827941894531e+00,-6.502238750457763672e+00,-6.502024173736572266e+00,-6.467995166778564453e+00,-6.487639904022216797e+00,-6.516344070434570312e+00,-2.432195186614990234e+00,-1.961892485618591309e+00,-2.534740209579467773e+00,-2.479858398437500000e+00,-2.511189937591552734e+00,-4.055778980255126953e+00,-3.802550315856933594e+00,-4.071341037750244141e+00,-4.004652500152587891e+00,-3.977115154266357422e+00,-3.832734823226928711e+00,-3.805853843688964844e+00,-3.811887502670288086e+00,-3.851417779922485352e+00,-3.842205047607421875e+00
-5.949844360351562500e+00,-5.996963024139404297e+00,-5.932224273681640625e+00,-6.023569583892822266e+00,-5.958030700683593750e+00,-6.320748805999755859e+00,-6.248089313507080078e+00,-6.308012962341308594e+00,-6.169727325439453125e+00,-6.289819717407226562e+00,-2.975321292877197266e+00,-2.929746627807617188e+00,-2.931855916976928711e+00,-2.971107006072998047e+00,-2.947474956512451172e+00,-3.678622007369995117e+00,-3.625135660171508789e+00,-3.671068906784057617e+00,-3.595429658889770508e+00,-3.717681169509887695e+00,-3.681371688842773438e+00,-3.587701797485351562e+00,-3.768479585647583008e+00,-3.480587959289550781e+00,-3.700138807296752930e+00
-5.947805404663085938e+00,-5.954427719116210938e+00,-5.958176612854003906e+00,-5.945477008819580078e+00,-5.960309982299804688e+00,-4.655958652496337891e+00,-4.647188663482666016e+00,-4.635919570922851562e+00,-4.675693988800048828e+00,-4.661959648132324219e+00,-3.642786026000976562e+00,-3.622884988784790039e+00,-3.649058818817138672e+00,-3.610829114913940430e+00,-3.634183168411254883e+00,-3.842737436294555664e+00,-3.867848873138427734e+00,-3.860178232192993164e+00,-3.837222099304199219e+00,-3.860173463821411133e+00,-4.027698040008544922e+00,-4.015726089477539062e+00,-4.008905887603759766e+00,-4.039437294006347656e+00,-4.000670909881591797e+00
-4.917868614196777344e+00,-4.926170349121093750e+00,-4.930728912353515625e+00,-4.818309783935546875e+00,-4.936784744262695312e+00,-4.697687149047851562e+00,-4.708502769470214844e+00,-4.723114490509033203e+00,-4.704253673553466797e+00,-4.706617355346679688e+00,-4.555879592895507812e+00,-4.484878540039062500e+00,-4.485749721527099609e+00,-4.834259033203125000e+00,-4.501873493194580078e+00,-3.123967409133911133e+00,-3.167803049087524414e+00,-3.124344110488891602e+00,-2.747565031051635742e+00,-3.120178222656250000e+00,-5.052855968475341797e+00,-5.060320854187011719e+00,-5.073521614074707031e+00,-5.174753665924072266e+00,-5.066860675811767578e+00
-5.419113159179687500e+00,-5.421820163726806641e+00,-5.151645183563232422e+00,-5.523440837860107422e+00,-5.408576488494873047e+00,-4.676515102386474609e+00,-4.627693653106689453e+00,-4.865993976593017578e+00,-4.577139377593994141e+00,-4.640551567077636719e+00,-5.589142322540283203e+00,-5.574159145355224609e+00,-5.229674339294433594e+00,-5.712588787078857422e+00,-5.581863403320312500e+00,-2.253905773162841797e+00,-2.349517345428466797e+00,-2.897772312164306641e+00,-1.956129312515258789e+00,-2.339095115661621094e+00,-5.181818485260009766e+00,-5.155204296112060547e+00,-4.844841003417968750e+00,-5.334319114685058594e+00,-5.169110774993896484e+00
-5.402266025543212891e+00,-5.383522987365722656e+00,-5.078281879425048828e+00,-5.392872810363769531e+00,-5.425726413726806641e+00,-5.146635532379150391e+00,-5.134992599487304688e+00,-5.357923507690429688e+00,-5.124387264251708984e+00,-5.097858905792236328e+00,-5.204845428466796875e+00,-5.244359493255615234e+00,-4.894301891326904297e+00,-5.230020523071289062e+00,-5.234477519989013672e+00,-2.012578248977661133e+00,-2.050106048583984375e+00,-2.462281227111816406e+00,-2.002785205841064453e+00,-2.014060735702514648e+00,-5.410481452941894531e+00,-5.384950637817382812e+00,-5.297723293304443359e+00,-5.397631645202636719e+00,-5.410306930541992188e+00
-4.556175231933593750e+00,-4.538648605346679688e+00,-4.528892993927001953e+00,-4.693155765533447266e+00,-4.530465602874755859e+00,-5.412161827087402344e+00,-5.462647914886474609e+00,-5.439776420593261719e+00,-5.265895843505859375e+00,-5.419517040252685547e+00,-4.983065605163574219e+00,-4.982771873474121094e+00,-4.962607860565185547e+00,-5.145770072937011719e+00,-4.973545551300048828e+00,-2.922181129455566406e+00,-2.903666019439697266e+00,-2.945279359817504883e+00,-2.854391098022460938e+00,-2.942767381668090820e+00,-4.465140342712402344e+00,-4.396081924438476562e+00,-4.444594860076904297e+00,-4.490617275238037109e+00,-4.461571216583251953e+00
-5.125865936279296875e+00,-5.085167884826660156e+00,-5.012536525726318359e+00,-5.162879467010498047e+00,-5.115003108978271484e+00,-5.370203495025634766e+00,-5.365921974182128906e+00,-5.462543487548828125e+00,-5.316551685333251953e+00,-5.380444526672363281e+00,-5.240927696228027344e+00,-5.194854736328125000e+00,-5.178918838500976562e+00,-5.207321166992187500e+00,-5.208894729614257812e+00,-2.093199968338012695e+00,-2.200841903686523438e+00,-2.204142332077026367e+00,-2.147503852844238281e+00,-2.170167446136474609e+00,-5.131137847900390625e+00,-5.218787193298339844e+00,-4.867289066314697266e+00,-5.368703365325927734e+00,-5.168246746063232422e+00
-4.958142280578613281e+00,-5.254381179809570312e+00,-5.069113254547119141e+00,-5.243633747100830078e+00,-5.265155315399169922e+00,-5.231699943542480469e+00,-5.308195590972900391e+00,-5.271652221679687500e+00,-5.307579517364501953e+00,-5.310569763183593750e+00,-4.818506240844726562e+00,-5.180834770202636719e+00,-4.991301059722900391e+00,-5.172068595886230469e+00,-5.190706729888916016e+00,-2.478283643722534180e+00,-2.145149946212768555e+00,-2.361760854721069336e+00,-2.133824348449707031e+00,-2.091489791870117188e+00,-5.341598510742187500e+00,-5.223866939544677734e+00,-5.266381740570068359e+00,-5.222755908966064453e+00,-5.215617656707763672e+00
-4.129810333251953125e+00,-4.142935276031494141e+00,-4.107409477233886719e+00,-4.166497707366943359e+00,-4.166598320007324219e+00,-6.318957328796386719e+00,-6.318959712982177734e+00,-6.314720630645751953e+00,-6.333762168884277344e+00,-6.328008651733398438e+00,-4.166650772094726562e+00,-4.192905426025390625e+00,-4.181343078613281250e+00,-4.298256874084472656e+00,-4.189912796020507812e+00,-3.336531639099121094e+00,-3.277318477630615234e+00,-3.310041189193725586e+00,-3.218465089797973633e+00,-3.302515029907226562e+00,-4.229568481445312500e+00,-4.221763610839843750e+00,-4.269830226898193359e+00,-4.295468807220458984e+00,-4.195257663726806641e+00
-4.924538612365722656e+00,-4.961296081542968750e+00,-4.883736610412597656e+00,-4.937458992004394531e+00,-4.949871540069580078e+00,-6.153008460998535156e+00,-6.147464275360107422e+00,-6.192663669586181641e+00,-6.152765750885009766e+00,-6.141476631164550781e+00,-4.507211685180664062e+00,-4.503328800201416016e+00,-4.430616378784179688e+00,-4.478559970855712891e+00,-4.512308597564697266e+00,-2.452276468276977539e+00,-2.530642271041870117e+00,-2.355101585388183594e+00,-2.449116230010986328e+00,-2.395482301712036133e+00,-4.774773120880126953e+00,-4.757880687713623047e+00,-4.679103851318359375e+00,-4.741242408752441406e+00,-4.803451538085937500e+00
-4.676393985748291016e+00,-4.666272640228271484e+00,-4.660953044891357422e+00,-4.648897171020507812e+00,-4.706153392791748047e+00,-4.444002151489257812e+00,-4.432867050170898438e+00,-4.448833465576171875e+00,-4.441561222076416016e+00,-4.440731525421142578e+00,-4.604678153991699219e+00,-4.617982864379882812e+00,-4.608387947082519531e+00,-4.634002208709716797e+00,-4.580509662628173828e+00,-3.631245374679565430e+00,-3.656008005142211914e+00,-3.621950387954711914e+00,-3.646456480026245117e+00,-3.626051187515258789e+00,-4.508306980133056641e+00,-4.502827167510986328e+00,-4.531048774719238281e+00,-4.512601852416992188e+00,-4.505531311035156250e+00
-3.530099868774414062e+00,-3.680030107498168945e+00,-3.689246177673339844e+00,-3.587767601013183594e+00,-3.668663024902343750e+00,-3.378956079483032227e+00,-3.503985881805419922e+00,-3.432187557220458984e+00,-3.456443786621093750e+00,-3.490822792053222656e+00,-5.334468841552734375e+00,-5.127765178680419922e+00,-5.144342899322509766e+00,-5.295771598815917969e+00,-5.128812789916992188e+00,-6.318589210510253906e+00,-6.283650875091552734e+00,-6.296586990356445312e+00,-6.320603847503662109e+00,-6.285934448242187500e+00,-3.666189908981323242e+00,-3.665415287017822266e+00,-3.691305160522460938e+00,-3.638864994049072266e+00,-3.676560878753662109e+00
-3.396557092666625977e+00,-3.351443767547607422e+00,-3.095227479934692383e+00,-3.473146438598632812e+00,-3.313007831573486328e+00,-2.922028064727783203e+00,-2.974039316177368164e+00,-3.399819135665893555e+00,-2.733131408691406250e+00,-3.016852378845214844e+00,-6.426924228668212891e+00,-6.406033992767333984e+00,-6.310807228088378906e+00,-6.504808902740478516e+00,-6.405977249145507812e+00,-6.450298309326171875e+00,-6.441734790802001953e+00,-6.353903293609619141e+00,-6.489689350128173828e+00,-6.432219982147216797e+00,-3.673942089080810547e+00,-3.664813995361328125e+00,-3.574585437774658203e+00,-3.697850227355957031e+00,-3.666914224624633789e+00
-3.919376850128173828e+00,-4.021917343139648438e+00,-3.670479536056518555e+00,-4.028347492218017578e+00,-3.989028930664062500e+00,-2.659184932708740234e+00,-2.509346723556518555e+00,-2.887427806854248047e+00,-2.476111173629760742e+00,-2.589102506637573242e+00,-6.434123516082763672e+00,-6.411966800689697266e+00,-6.425728797912597656e+00,-6.447097301483154297e+00,-6.394361972808837891e+00,-5.910981655120849609e+00,-5.958363533020019531e+00,-5.816228389739990234e+00,-5.971996307373046875e+00,-5.934013843536376953e+00,-3.936432838439941406e+00,-3.941741228103637695e+00,-3.794051885604858398e+00,-3.865357398986816406e+00,-3.956780433654785156e+00
-3.445255994796752930e+00,-3.356054306030273438e+00,-3.456921100616455078e+00,-3.503917694091796875e+00,-3.363938093185424805e+00,-4.331699371337890625e+00,-4.519460678100585938e+00,-4.425146102905273438e+00,-4.251596927642822266e+00,-4.472410678863525391e+00,-4.553666591644287109e+00,-4.358382701873779297e+00,-4.367243766784667969e+00,-4.628684520721435547e+00,-4.516376972198486328e+00,-6.706358909606933594e+00,-6.686824321746826172e+00,-6.689932823181152344e+00,-6.730061531066894531e+00,-6.698229789733886719e+00,-3.411559104919433594e+00,-3.359139442443847656e+00,-3.430236816406250000e+00,-3.385292530059814453e+00,-3.309768438339233398e+00
-3.422067165374755859e+00,-3.295157194137573242e+00,-3.343880414962768555e+00,-3.489625215530395508e+00,-3.342859029769897461e+00,-3.575500488281250000e+00,-3.612754821777343750e+00,-3.793576717376708984e+00,-3.316690444946289062e+00,-3.564112186431884766e+00,-5.876661300659179688e+00,-5.873463153839111328e+00,-5.777771472930908203e+00,-5.943553924560546875e+00,-5.878405094146728516e+00,-6.437914371490478516e+00,-6.459631443023681641e+00,-6.482429504394531250e+00,-6.436203002929687500e+00,-6.450236797332763672e+00,-3.247189283370971680e+00,-3.273820400238037109e+00,-2.950208663940429688e+00,-3.534281015396118164e+00,-3.355191946029663086e+00
-3.459164381027221680e+00,-3.747694969177246094e+00,-3.519717454910278320e+00,-3.719606637954711914e+00,-3.663361072540283203e+00,-2.811248540878295898e+00,-2.809138298034667969e+00,-2.871112585067749023e+00,-2.904750585556030273e+00,-2.941106081008911133e+00,-6.319339752197265625e+00,-6.461202621459960938e+00,-6.388779640197753906e+00,-6.452769279479980469e+00,-6.460230350494384766e+00,-6.096500873565673828e+00,-6.017731189727783203e+00,-6.069605827331542969e+00,-6.019051074981689453e+00,-6.013670444488525391e+00,-3.652887821197509766e+00,-3.672361850738525391e+00,-3.666619300842285156e+00,-3.680581331253051758e+00,-3.679386377334594727e+00
-3.159580945968627930e+00,-3.237386465072631836e+00,-3.081633806228637695e+00,-3.238124608993530273e+00,-3.215821266174316406e+00,-5.711520671844482422e+00,-5.673720836639404297e+00,-5.826251983642578125e+00,-5.726526737213134766e+00,-5.695931434631347656e+00,-3.902923583984375000e+00,-3.849762916564941406e+00,-3.878986120223999023e+00,-3.946356773376464844e+00,-3.889332532882690430e+00,-6.507980346679687500e+00,-6.534215927124023438e+00,-6.487751007080078125e+00,-6.523583412170410156e+00,-6.516486644744873047e+00,-3.215767383575439453e+00,-3.118830919265747070e+00,-3.226742029190063477e+00,-3.186739921569824219e+00,-3.174389839172363281e+00
-3.100928068161010742e+00,-3.003094434738159180e+00,-2.876492738723754883e+00,-2.838518142700195312e+00,-3.052526235580444336e+00,-5.081607341766357422e+00,-5.045953750610351562e+00,-5.204521656036376953e+00,-5.068595409393310547e+00,-5.087247371673583984e+00,-5.104082584381103516e+00,-5.165231704711914062e+00,-5.103391647338867188e+00,-5.141139984130859375e+00,-5.119094848632812500e+00,-6.671321868896484375e+00,-6.681851863861083984e+00,-6.653504371643066406e+00,-6.691034317016601562e+00,-6.672743320465087891e+00,-2.878683090209960938e+00,-2.932940959930419922e+00,-2.839794635772705078e+00,-2.950181484222412109e+00,-2.865622997283935547e+00
-3.960765123367309570e+00,-4.013763904571533203e+00,-3.973155975341796875e+00,-4.018722534179687500e+00,-4.015264511108398438e+00,-3.676545381546020508e+00,-3.680549383163452148e+00,-3.656032800674438477e+00,-3.678481340408325195e+00,-3.641520738601684570e+00,-4.678590297698974609e+00,-4.589720726013183594e+00,-4.679082870483398438e+00,-4.562576293945312500e+00,-4.614542007446289062e+00,-5.965863704681396484e+00,-5.945570945739746094e+00,-5.962705135345458984e+00,-5.962035179138183594e+00,-5.965394496917724609e+00,-3.830451726913452148e+00,-3.914913654327392578e+00,-3.844021558761596680e+00,-3.924787998199462891e+00,-3.885650157928466797e+00
-4.570975303649902344e+00,-4.379265308380126953e+00,-4.374948024749755859e+00,-4.581912040710449219e+00,-4.376447677612304688e+00,-4.344876289367675781e+00,-4.278725624084472656e+00,-4.263884067535400391e+00,-4.377951145172119141e+00,-4.276026248931884766e+00,-4.370800018310546875e+00,-4.033824443817138672e+00,-4.052803993225097656e+00,-4.320502758026123047e+00,-4.042953491210937500e+00,-4.480404853820800781e+00,-4.624880790710449219e+00,-4.636642456054687500e+00,-4.471302509307861328e+00,-4.610478401184082031e+00,-4.330021381378173828e+00,-4.502101898193359375e+00,-4.493519306182861328e+00,-4.339278697967529297e+00,-4.514111518859863281e+00
-4.558027267456054688e+00,-4.726369857788085938e+00,-5.132534027099609375e+00,-4.569274425506591797e+00,-4.722307682037353516e+00,-4.323794364929199219e+00,-4.271883010864257812e+00,-4.152689933776855469e+00,-4.320713043212890625e+00,-4.268029212951660156e+00,-4.578422546386718750e+00,-4.196837902069091797e+00,-3.143671751022338867e+00,-4.526737213134765625e+00,-4.212825775146484375e+00,-4.268048286437988281e+00,-4.079456806182861328e+00,-3.459104061126708984e+00,-4.217093467712402344e+00,-4.080130100250244141e+00,-4.402185440063476562e+00,-4.417842864990234375e+00,-4.471318721771240234e+00,-4.460136413574218750e+00,-4.413999557495117188e+00
-4.252882480621337891e+00,-4.269040584564208984e+00,-4.121807575225830078e+00,-4.251812458038330078e+00,-4.256773948669433594e+00,-4.575237751007080078e+00,-4.507283687591552734e+00,-4.407050132751464844e+00,-4.512501716613769531e+00,-4.515718936920166016e+00,-4.518214225769042969e+00,-4.283738136291503906e+00,-3.593631267547607422e+00,-4.283573150634765625e+00,-4.281856536865234375e+00,-4.407099246978759766e+00,-4.419525623321533203e+00,-4.410784244537353516e+00,-4.420193672180175781e+00,-4.410490512847900391e+00,-4.405980587005615234e+00,-4.206917762756347656e+00,-3.743414878845214844e+00,-4.204392910003662109e+00,-4.221914768218994141e+00
-4.327475547790527344e+00,-3.392183542251586914e+00,-4.104657173156738281e+00,-4.339816093444824219e+00,-4.095728397369384766e+00,-4.484880924224853516e+00,-4.499425411224365234e+00,-4.479900360107421875e+00,-4.492746829986572266e+00,-4.503121376037597656e+00,-4.291653156280517578e+00,-4.897219657897949219e+00,-4.461561203002929688e+00,-4.276805400848388672e+00,-4.460886478424072266e+00,-4.557364463806152344e+00,-4.714346408843994141e+00,-4.603229045867919922e+00,-4.544449329376220703e+00,-4.574980258941650391e+00,-4.425057888031005859e+00,-3.396512508392333984e+00,-4.188653945922851562e+00,-4.450981616973876953e+00,-4.187347412109375000e+00
-4.545651435852050781e+00,-4.973831653594970703e+00,-4.949578285217285156e+00,-4.564705848693847656e+00,-4.648797988891601562e+00,-4.209397792816162109e+00,-4.029403209686279297e+00,-4.023557186126708984e+00,-4.214202404022216797e+00,-4.168927192687988281e+00,-4.590552330017089844e+00,-4.411748886108398438e+00,-4.430306911468505859e+00,-4.586118698120117188e+00,-4.560257434844970703e+00,-4.354384422302246094e+00,-4.624777317047119141e+00,-4.637476921081542969e+00,-4.341827392578125000e+00,-4.407912731170654297e+00,-4.409613132476806641e+00,-3.124335050582885742e+00,-3.127568483352661133e+00,-4.399133682250976562e+00,-4.161437034606933594e+00
-4.164555549621582031e+00,-4.400161743164062500e+00,-4.451056003570556641e+00,-4.571661472320556641e+00,-4.560142040252685547e+00,-4.473633289337158203e+00,-4.550117969512939453e+00,-4.512002944946289062e+00,-4.524305343627929688e+00,-4.566415786743164062e+00,-4.372684001922607422e+00,-4.289078235626220703e+00,-4.347196578979492188e+00,-4.336471557617187500e+00,-4.295289993286132812e+00,-4.426407337188720703e+00,-4.444603443145751953e+00,-4.412881851196289062e+00,-4.424715518951416016e+00,-4.432486057281494141e+00,-3.741545677185058594e+00,-4.026305675506591797e+00,-4.043737888336181641e+00,-4.201912403106689453e+00,-4.210483551025390625e+00
-4.446030616760253906e+00,-4.129953384399414062e+00,-4.417963981628417969e+00,-4.505128383636474609e+00,-4.443322181701660156e+00,-4.360383987426757812e+00,-4.051870822906494141e+00,-4.352456569671630859e+00,-4.451337814331054688e+00,-4.374704360961914062e+00,-4.372249126434326172e+00,-4.605489253997802734e+00,-4.385457992553710938e+00,-4.354728698730468750e+00,-4.341816902160644531e+00,-4.424552917480468750e+00,-4.286780834197998047e+00,-4.418856620788574219e+00,-4.455978870391845703e+00,-4.424968242645263672e+00,-4.359997749328613281e+00,-4.189836978912353516e+00,-4.373262882232666016e+00,-4.414883136749267578e+00,-4.373973369598388672e+00
-4.354746341705322266e+00,-4.239849090576171875e+00,-4.264761447906494141e+00,-4.002322673797607422e+00,-4.348165988922119141e+00,-4.352756023406982422e+00,-4.177803039550781250e+00,-4.112519264221191406e+00,-3.810325384140014648e+00,-4.353357791900634766e+00,-4.389344215393066406e+00,-4.507642269134521484e+00,-4.514238834381103516e+00,-4.751672267913818359e+00,-4.378115653991699219e+00,-4.609445095062255859e+00,-4.550131320953369141e+00,-4.510327816009521484e+00,-4.373532772064208984e+00,-4.617331981658935547e+00,-4.416171550750732422e+00,-4.392781257629394531e+00,-4.413455009460449219e+00,-4.358440876007080078e+00,-4.425287246704101562e+00
-4.223196029663085938e+00,-4.232817173004150391e+00,-4.240922927856445312e+00,-4.251020908355712891e+00,-4.251520633697509766e+00,-4.481820106506347656e+00,-4.470232963562011719e+00,-4.470520496368408203e+00,-4.476403713226318359e+00,-4.479445934295654297e+00,-4.523841381072998047e+00,-4.517372131347656250e+00,-4.527264118194580078e+00,-4.524117946624755859e+00,-4.538340568542480469e+00,-4.349859237670898438e+00,-4.350386142730712891e+00,-4.348805904388427734e+00,-4.346288204193115234e+00,-4.347178936004638672e+00,-4.323607921600341797e+00,-4.333169460296630859e+00,-4.313309192657470703e+00,-4.304386615753173828e+00,-4.281704902648925781e+00
